condition,index,iter,objective,time
Sample discretes,0,0,-844.4691254556817,0.055102303996682166
Sample discretes,1,5,-439.79272254881977,0.15921555399894716
Sample discretes,2,11,-302.8982389593233,0.2630768840014934
Sample discretes,3,18,-257.2218771820796,0.3731010079979897
Sample discretes,4,24,-247.8714455938414,0.4976169590055943
Sample discretes,5,30,-244.46331296991454,0.5988329319953919
Sample discretes,6,36,-245.7932172526692,0.7032521360069514
Sample discretes,7,42,-243.08172284815186,0.8045066889971495
Sample discretes,8,48,-242.37933108020607,0.9094760250002146
Sample discretes,9,54,-242.578416196512,1.0177372210025788
Sample discretes,10,61,-241.32264448909714,1.1334897450059653
Sample discretes,11,67,-241.56467545536316,1.2772978959977628
Sample discretes,12,71,-241.9704708699482,1.3801432240009308
Sample discretes,13,78,-242.18213638345614,1.4845382920056582
Sample discretes,14,84,-241.8776820641259,1.5932444179952145
Sample discretes,15,90,-241.62199162234202,1.7010567850023508
Sample discretes,16,96,-239.61592220040228,1.832967669993639
Sample discretes,17,102,-241.40155976567254,1.9373654370009898
Sample discretes,18,108,-240.87912285310975,2.0510014970004558
Sample discretes,19,115,-241.0325240219247,2.1599043139964342
Sample discretes,20,121,-240.63387672029717,2.2603384310007097
Sample discretes,21,128,-242.10953813519478,2.371011463999748
Sample discretes,22,133,-240.94135594039344,2.474355807006359
Sample discretes,23,139,-240.6922596884246,2.606965580999851
Sample discretes,24,145,-241.51259466891358,2.716304355993867
Sample discretes,25,151,-240.99918627559305,2.832311885997653
Sample discretes,26,156,-240.5026373971379,2.951728229999542
Sample discretes,27,160,-241.62306360728195,3.11351670999825
Sample discretes,28,167,-240.92831601597806,3.2300230299979447
Sample discretes,29,173,-240.60640405229572,3.337152602002025
Sample discretes,30,179,-240.580730631597,3.442737967997789
Sample discretes,31,185,-240.40240347792098,3.546517860993743
Sample discretes,32,191,-240.3557062192676,3.646647673994303
Sample discretes,33,197,-240.54642773789058,3.7473020790070297
Sample discretes,0,0,-834.3176519316315,0.03535775899887085
Sample discretes,1,6,-418.74267971381204,0.1470597179979086
Sample discretes,2,12,-305.88621929970685,0.2540494690090418
Sample discretes,3,19,-269.51019501435917,0.39161509600281713
Sample discretes,4,25,-256.5685619707348,0.5000183640122413
Sample discretes,5,30,-251.1147372396984,0.605472718000412
Sample discretes,6,35,-250.12306129528355,0.7063372009992599
Sample discretes,7,40,-248.33157145885556,0.8072590560019016
Sample discretes,8,46,-247.01314091051714,0.9126867530047893
Sample discretes,9,52,-246.61428949840462,1.019412339001894
Sample discretes,10,58,-246.93584520838533,1.1258630660027265
Sample discretes,11,64,-245.34853207188863,1.2294454060047866
Sample discretes,12,70,-245.5233857275331,1.3430818570107221
Sample discretes,13,75,-248.36734931412383,1.4526311810016632
Sample discretes,14,77,-246.45797842498493,1.6156122610121966
Sample discretes,15,83,-245.10218080390146,1.7152698130011559
Sample discretes,16,90,-245.7467133384261,1.8262988720089197
Sample discretes,17,96,-245.74806520592873,1.9292714520096779
Sample discretes,18,102,-246.8621810931072,2.029532077997923
Sample discretes,19,108,-245.0115688453812,2.136761816009879
Sample discretes,20,114,-245.82822538678286,2.2411382610052826
Sample discretes,21,120,-244.83429974461066,2.3439590300023556
Sample discretes,22,126,-245.37730929816098,2.468104129999876
Sample discretes,23,132,-245.12188513764747,2.5705477910041807
Sample discretes,24,138,-246.3364062134426,2.6724265280067923
Sample discretes,25,145,-245.46221722842105,2.781913797006011
Sample discretes,26,151,-245.5814125301942,2.886977658003569
Sample discretes,27,156,-245.42377883484642,3.003594703003764
Sample discretes,28,160,-244.43008440776293,3.221080401003361
Sample discretes,29,167,-247.12814682341133,3.329811980009079
Sample discretes,30,173,-245.59328412385182,3.437754452005029
Sample discretes,31,179,-245.22089210768348,3.5406225100010635
Sample discretes,32,185,-246.25209532585328,3.6425867490023376
Sample discretes,33,191,-245.28694789256588,3.7500362180024385
Sample discretes,34,197,-244.38110763654,3.8586684970110654
Sample discretes,0,0,-913.89709243863,0.03142094200849533
Sample discretes,1,5,-461.1340153314997,0.1329897240102291
Sample discretes,2,11,-303.606037499247,0.23654298500716686
Sample discretes,3,17,-261.14610482689216,0.34197092001140117
Sample discretes,4,23,-247.97950242922948,0.4677372720092535
Sample discretes,5,29,-245.12159742113369,0.5709885210096836
Sample discretes,6,35,-243.8848394191002,0.6721731050014496
Sample discretes,7,41,-241.93947644562104,0.777842819005251
Sample discretes,8,47,-241.87606673640204,0.8876401020139456
Sample discretes,9,53,-240.4363947592852,0.9960259420126677
Sample discretes,10,59,-241.76167159660173,1.110054395005107
Sample discretes,11,63,-240.4776942827484,1.2099849660098552
Sample discretes,12,67,-242.8421491513107,1.3123637250065803
Sample discretes,13,68,-240.45791459019182,1.4533302370011807
Sample discretes,14,75,-241.18915536344397,1.5676509750038385
Sample discretes,15,81,-240.11057124138222,1.678890286013484
Sample discretes,16,87,-240.70711588538535,1.7875002100020647
Sample discretes,17,92,-240.39651791391574,1.8877108520120383
Sample discretes,18,98,-241.5846971673126,1.9953766920119524
Sample discretes,19,104,-240.43811553851276,2.1009911020100116
Sample discretes,20,110,-240.70874078685614,2.211495304003358
Sample discretes,21,116,-240.58247916305305,2.322301816999912
Sample discretes,22,122,-239.78258981592992,2.431789091005921
Sample discretes,23,128,-242.33495869211478,2.5695328020006416
Sample discretes,24,134,-239.97091491605138,2.6811646780073644
Sample discretes,25,140,-240.05813500945035,2.788467272013426
Sample discretes,26,146,-239.95222583713428,2.9005269400030373
Sample discretes,27,150,-239.7678785549359,3.0020629860013726
Sample discretes,28,153,-240.2378576955755,3.1750017360001803
Sample discretes,29,160,-239.9897367127221,3.295876015007496
Sample discretes,30,165,-239.59454345655274,3.3965314100086688
Sample discretes,31,171,-239.43857291880914,3.501678249001503
Sample discretes,32,177,-239.55011225479777,3.612408870011568
Sample discretes,33,183,-239.4102302148139,3.7180618939995767
Sample discretes,34,189,-240.12687755689265,3.824673844009638
Sample discretes,35,195,-239.1771760986407,3.9325960810035467
Sample discretes,0,0,-945.721831870121,0.06080773700773716
Sample discretes,1,6,-437.89087142577836,0.16907998399436475
Sample discretes,2,11,-318.3010586769103,0.26875597800314427
Sample discretes,3,17,-270.7323927750075,0.3791947450041771
Sample discretes,4,23,-255.07166227976333,0.4892329770028591
Sample discretes,5,29,-249.8960374832012,0.5928190450072288
Sample discretes,6,35,-245.5515238067685,0.6959947949945927
Sample discretes,7,41,-242.252618452759,0.8002637079954147
Sample discretes,8,47,-243.24686873750267,0.907810374006629
Sample discretes,9,52,-243.8255067861677,1.0214891140013933
Sample discretes,10,57,-241.21168034384797,1.257869442000985
Sample discretes,11,63,-242.76326663797525,1.3633625780045986
Sample discretes,12,69,-240.7997569104472,1.4730330030024053
Sample discretes,13,75,-241.5632930935056,1.5732361440062523
Sample discretes,14,81,-241.61558697935865,1.679071712002158
Sample discretes,15,88,-240.9654693275513,1.7906040199995041
Sample discretes,16,94,-239.83245911682576,1.8907837180048228
Sample discretes,17,100,-240.31548906005816,1.9915661039948462
Sample discretes,18,106,-240.3241733591978,2.1203027600049973
Sample discretes,19,112,-240.4789084853697,2.221903486996889
Sample discretes,20,118,-240.1671296065688,2.324114015996456
Sample discretes,21,124,-241.6202914178072,2.4265276640057563
Sample discretes,22,130,-239.74265682533357,2.528145935997367
Sample discretes,23,135,-240.7528597675772,2.638612131997943
Sample discretes,24,139,-240.6936601879861,2.742861122995615
Sample discretes,25,141,-240.3505568113586,2.898463789999485
Sample discretes,26,147,-240.07853899600912,2.9984091919958593
Sample discretes,27,153,-239.4795303198375,3.1047373639941216
Sample discretes,28,159,-240.14894698220888,3.2068521060049533
Sample discretes,29,165,-240.70066944345731,3.313279482007027
Sample discretes,30,171,-239.4608276983595,3.4233713369965555
Sample discretes,31,177,-239.88682510389202,3.524583716005087
Sample discretes,32,183,-239.64432128436863,3.6259725079983474
Sample discretes,33,189,-240.09556663634197,3.7327088280022145
Sample discretes,34,195,-239.87771643914556,3.8671814970076084
Sample discretes,0,0,-1026.900830985654,0.03196589900553227
Sample discretes,1,5,-506.2931588558856,0.13379543499648572
Sample discretes,2,12,-289.3296614192699,0.24228747199475764
Sample discretes,3,18,-251.03340095988725,0.3499624239951372
Sample discretes,4,24,-239.7946104240628,0.45754849499464034
Sample discretes,5,30,-234.75964073582637,0.5901392789930106
Sample discretes,6,37,-235.1628528057755,0.7048726159930229
Sample discretes,7,42,-232.93268318021458,0.8136111949980259
Sample discretes,8,45,-235.60298317354972,0.9885327820032835
Sample discretes,9,51,-232.1838885123567,1.0968595959991216
Sample discretes,10,57,-231.18507131357887,1.2035627260059119
Sample discretes,11,63,-232.2803947263925,1.3090672979950906
Sample discretes,12,68,-230.3337292443352,1.4089606679975986
Sample discretes,13,74,-231.59749029679256,1.5136150919944047
Sample discretes,14,80,-231.94525417589418,1.6160342279970645
Sample discretes,15,86,-231.21023645713666,1.72333768799901
Sample discretes,16,92,-231.32809418386057,1.8245499729961157
Sample discretes,17,98,-231.26928931315263,1.9307816849946975
Sample discretes,18,104,-231.08964465856607,2.0362053619921205
Sample discretes,19,110,-230.78070805325618,2.1675786090046167
Sample discretes,20,117,-230.5689291870694,2.277533622995019
Sample discretes,21,123,-232.12296478343248,2.38862861700356
Sample discretes,22,127,-231.47490763057212,2.4899993730038403
Sample discretes,23,130,-231.03718260523513,2.666058947995305
Sample discretes,24,137,-231.3086783415712,2.7794821079969405
Sample discretes,25,143,-231.0834771938448,2.8819290239959954
Sample discretes,26,149,-230.29465244681984,2.985952149003744
Sample discretes,27,156,-230.64834205923918,3.0975719300061466
Sample discretes,28,162,-230.68115075810297,3.198828595995903
Sample discretes,29,168,-231.04227408663468,3.3011446219980716
Sample discretes,30,174,-230.04783340130314,3.43492541000247
Sample discretes,31,180,-231.2516388711869,3.542273825004697
Sample discretes,32,186,-230.73688621048754,3.6485476630032063
Sample discretes,33,192,-230.0198332496294,3.7557499309927227
Sample discretes,34,198,-230.51376885126666,3.865436490997672
Sample discretes,0,0,-846.6068783952275,0.031682823002338406
Sample discretes,1,6,-389.8654498324865,0.14256454099714755
Sample discretes,2,12,-282.1385062762297,0.2470629490017891
Sample discretes,3,19,-251.4526479626788,0.3609628079980612
Sample discretes,4,24,-244.64306475090896,0.473280395001173
Sample discretes,5,29,-244.04517775166096,0.6913438360095024
Sample discretes,6,36,-240.48090444654105,0.8057217320054769
Sample discretes,7,41,-241.6289013129669,0.9064127700030804
Sample discretes,8,47,-240.83062101738986,1.009774717003107
Sample discretes,9,53,-239.0095463873449,1.115846138998866
Sample discretes,10,59,-238.38364794648226,1.2195969360023737
Sample discretes,11,65,-236.91215872165142,1.320226868003607
Sample discretes,12,71,-237.70221589179363,1.425803077995777
Sample discretes,13,77,-236.7713616687873,1.53135057400167
Sample discretes,14,83,-238.17048935528535,1.6404830520004035
Sample discretes,15,89,-238.54264891481984,1.7823461029976606
Sample discretes,16,95,-238.04801776991442,1.8857203150093556
Sample discretes,17,101,-237.56555821954726,1.987527206003666
Sample discretes,18,107,-238.0210303740622,2.1009267330020664
Sample discretes,19,112,-238.4021788853877,2.215956629008055
Sample discretes,20,115,-237.59743585527553,2.3848090299963953
Sample discretes,21,121,-237.4937236887715,2.4876509789973498
Sample discretes,22,127,-237.42983002458337,2.5968534550070763
Sample discretes,23,133,-237.830687967567,2.7068457709997893
Sample discretes,24,139,-237.70589445075768,2.817693238005042
Sample discretes,25,145,-237.46534729830174,2.9232729929983616
Sample discretes,26,151,-237.37441249616722,3.027588680997491
Sample discretes,27,157,-237.3927748238875,3.134853335008025
Sample discretes,28,163,-237.70466472237004,3.23997163400054
Sample discretes,29,169,-237.12072476297254,3.3717360939979555
Sample discretes,30,176,-236.74121233496618,3.48204826900363
Sample discretes,31,182,-238.0250100254184,3.5904243119955064
Sample discretes,32,187,-237.13458413492478,3.690043325006962
Sample discretes,33,192,-237.36279429906685,3.8039972520023584
Sample discretes,34,194,-237.61263325731142,3.948215433999896
Sample discretes,0,0,-1005.2896883360661,0.03135549999773502
Sample discretes,1,5,-529.5123879710027,0.1319823430031538
Sample discretes,2,10,-361.11390351687777,0.23855020299553872
Sample discretes,3,16,-294.86433260456926,0.3790774979889393
Sample discretes,4,17,-295.4601140264287,0.5129818249940872
Sample discretes,5,24,-268.14258821796744,0.6220399559885263
Sample discretes,6,30,-259.8865644001295,0.7277351209968328
Sample discretes,7,36,-254.9845928962689,0.8330274199992418
Sample discretes,8,42,-253.8477751950058,0.9362589569985866
Sample discretes,9,48,-251.1835699710493,1.040711070999503
Sample discretes,10,54,-251.4227492410303,1.1515213799923658
Sample discretes,11,60,-249.88002657691914,1.2575992219895125
Sample discretes,12,66,-248.71919899960918,1.3852521799951791
Sample discretes,13,73,-249.71828014575254,1.4972623979896307
Sample discretes,14,80,-248.33761560206992,1.608245109990239
Sample discretes,15,86,-248.59428334859751,1.7089726229906081
Sample discretes,16,92,-248.65726096749896,1.8137808090001344
Sample discretes,17,98,-248.72333419805645,1.9171294789910316
Sample discretes,18,103,-248.82842768856543,2.03242091499269
Sample discretes,19,107,-249.26566439864197,2.2657201489955185
Sample discretes,20,114,-248.83334521152454,2.3795627149939538
Sample discretes,21,120,-248.54378636910118,2.4869162990003826
Sample discretes,22,126,-248.0098060468619,2.592706105992198
Sample discretes,23,132,-248.94829111769482,2.698894170999527
Sample discretes,24,138,-247.37218378685645,2.805950899988413
Sample discretes,25,144,-248.05123603012277,2.9100345399975778
Sample discretes,26,150,-248.4203581682327,3.0146176609992983
Sample discretes,27,156,-249.69025096687383,3.154148095995188
Sample discretes,28,162,-248.7219969897005,3.2579879799932243
Sample discretes,29,168,-248.18123910414207,3.3615747399926184
Sample discretes,30,174,-249.32528421957906,3.4627406969964505
Sample discretes,31,180,-248.3300058911925,3.577648709997535
Sample discretes,32,184,-248.5739120102093,3.677599833995104
Sample discretes,33,187,-247.7258766299308,3.846553044989705
Sample discretes,34,194,-248.3857857951235,3.9591937939971684
Sample discretes,0,0,-808.66727396515,0.036316696003079414
Sample discretes,1,4,-468.2749369333954,0.1413653239905834
Sample discretes,2,7,-360.0138153998619,0.3097420469969511
Sample discretes,3,14,-273.6339302278981,0.4282738109976053
Sample discretes,4,20,-252.70182920289938,0.5313225039988756
Sample discretes,5,26,-248.59350396707356,0.6393753380030394
Sample discretes,6,32,-244.16509041434475,0.7486891399919987
Sample discretes,7,38,-245.79945079301288,0.8527316160053015
Sample discretes,8,44,-240.61114389709155,0.9543327820003032
Sample discretes,9,50,-241.29918432848015,1.0603979250043631
Sample discretes,10,56,-240.03690232733672,1.1950707709938289
Sample discretes,11,62,-239.36896617796367,1.2983198349922895
Sample discretes,12,68,-238.52735768740598,1.4029139809906483
Sample discretes,13,74,-239.6462498672429,1.5069646469950675
Sample discretes,14,80,-239.80523753520083,1.6112203820049762
Sample discretes,15,85,-240.12290859635073,1.7108904359936714
Sample discretes,16,89,-240.28871751136396,1.8110462319999934
Sample discretes,17,94,-239.17564416297446,1.930150040000677
Sample discretes,18,95,-239.8244790083556,2.0746448269933464
Sample discretes,19,102,-239.27391577743134,2.1866310240030287
Sample discretes,20,108,-239.18527662952468,2.2960739879906176
Sample discretes,21,114,-239.39699434958357,2.4004787510037424
Sample discretes,22,119,-239.71026589306135,2.501695793002844
Sample discretes,23,125,-239.31692862682246,2.6038436529934406
Sample discretes,24,131,-239.6212270677608,2.709486608996987
Sample discretes,25,137,-239.5003857469164,2.8178700760006903
Sample discretes,26,143,-238.74811822208164,2.921042616993189
Sample discretes,27,149,-239.47104221996256,3.022966686993837
Sample discretes,28,155,-239.19475004429074,3.1585006089955567
Sample discretes,29,161,-239.18379218044595,3.2614324429929256
Sample discretes,30,168,-238.56197497604168,3.370441752001643
Sample discretes,31,173,-238.75674329000842,3.472643769994378
Sample discretes,32,178,-239.29320812009928,3.5828810959905386
Sample discretes,33,180,-238.6581914795219,3.7320971159934997
Sample discretes,34,187,-239.14552749293446,3.84242578099668
Sample discretes,35,193,-238.83924585825096,3.9502892429977656
Sample discretes,36,199,-239.1232313896759,4.05764646500349
Sample discretes,0,0,-773.1799979358743,0.03442449399828911
Sample discretes,1,6,-389.07665132696155,0.13851073899865152
Sample discretes,2,11,-305.0678551111694,0.23950885099172592
Sample discretes,3,17,-272.74997596893377,0.350487695991993
Sample discretes,4,23,-256.66499810491104,0.46216271699965
Sample discretes,5,29,-246.88869311960013,0.5687378969937563
Sample discretes,6,35,-245.61394927054945,0.6755403330028057
Sample discretes,7,41,-244.51849461336715,0.7810011519938708
Sample discretes,8,47,-245.2766381717658,0.890079395994544
Sample discretes,9,54,-244.89284186535218,1.0291702069938182
Sample discretes,10,60,-244.17196848471193,1.1357746800035238
Sample discretes,11,66,-244.26230264047152,1.242220723003149
Sample discretes,12,72,-244.59609388621456,1.346817552998662
Sample discretes,13,77,-244.64539805692067,1.4473553479909897
Sample discretes,14,81,-243.65439834853757,1.5475499980002643
Sample discretes,15,85,-244.50515845811736,1.7504509879946708
Sample discretes,16,92,-243.34806350016288,1.863606853991747
Sample discretes,17,98,-243.80108865768656,1.9661871580034493
Sample discretes,18,104,-243.7278254176149,2.069928149998188
Sample discretes,19,110,-243.2606827143083,2.1747429879903795
Sample discretes,20,116,-244.73506870291956,2.279789919003844
Sample discretes,21,122,-244.4003635838216,2.3806818850040434
Sample discretes,22,128,-243.3949378828961,2.4875263749957086
Sample discretes,23,134,-244.31981525798753,2.6231211069971323
Sample discretes,24,140,-244.65937344857016,2.7250222869962455
Sample discretes,25,146,-243.18533989151047,2.830593798995018
Sample discretes,26,152,-243.7514068803712,2.9381062519997356
Sample discretes,27,158,-241.98947920093522,3.0518180309981107
Sample discretes,28,162,-244.09187890075384,3.1597524669915438
Sample discretes,29,165,-245.75709754073796,3.3223547209948303
Sample discretes,30,172,-243.50658776389113,3.4436585949957372
Sample discretes,31,178,-243.46686544584384,3.5526658679991963
Sample discretes,32,184,-242.87278612522329,3.658353055000305
Sample discretes,33,190,-242.2022573319747,3.7615670730024577
Sample discretes,34,196,-242.4059352620034,3.867718184992671
Sample discretes,0,0,-754.9932735908251,0.03288553999364376
Sample discretes,1,6,-383.49164366505613,0.14281280699372292
Sample discretes,2,11,-296.60947671085177,0.24689221300184727
Sample discretes,3,17,-262.57770147373554,0.382017421990633
Sample discretes,4,23,-250.5982164837408,0.48870846499502657
Sample discretes,5,29,-246.38155745393186,0.5903164009898901
Sample discretes,6,35,-247.21400420215463,0.6947096219956875
Sample discretes,7,41,-243.91227817915498,0.802158145993948
Sample discretes,8,47,-244.39284671134766,0.908262039989233
Sample discretes,9,53,-244.154147206821,1.0130310699939729
Sample discretes,10,59,-244.4191334607902,1.1158790709972382
Sample discretes,11,64,-243.05308252678745,1.219817937001586
Sample discretes,12,68,-245.72580456182848,1.3201115320026875
Sample discretes,13,70,-243.8787768831642,1.4808281169980764
Sample discretes,14,77,-244.18374235673784,1.6008852140009404
Sample discretes,15,83,-244.2908581031613,1.7052585829943419
Sample discretes,16,89,-244.44564476475114,1.8136368200033903
Sample discretes,17,95,-243.76445796930537,1.922076457992196
Sample discretes,18,101,-244.29818617452256,2.0281102650016547
Sample discretes,19,107,-243.53386384272756,2.1284408449977636
Sample discretes,20,113,-243.70617446793472,2.239189993992448
Sample discretes,21,119,-242.97958997345353,2.3675873730033636
Sample discretes,22,126,-243.53064037171677,2.479248170003295
Sample discretes,23,132,-242.8837184794214,2.5811012389957906
Sample discretes,24,138,-243.25942336232367,2.681021429002285
Sample discretes,25,144,-243.05110113551407,2.78960929299891
Sample discretes,26,149,-243.75882615596024,2.9050711610019206
Sample discretes,27,153,-243.5592270640616,3.116686748996377
Sample discretes,28,160,-243.8061331374111,3.22540151399374
Sample discretes,29,166,-243.09764574766444,3.3324926899969576
Sample discretes,30,172,-242.80739293921138,3.4377588949948548
Sample discretes,31,178,-243.17442937673198,3.538948725000024
Sample discretes,32,184,-243.20539933095446,3.6473432409912347
Sample discretes,33,190,-243.21692721590358,3.7533527739942074
Sample discretes,34,196,-242.48532581614938,3.862076370999217
Sum out discretes,0,0,-801.1571164287568,0.026886225000023842
Sum out discretes,1,9,-300.36430966203994,0.13493521501123906
Sum out discretes,2,16,-243.46145662771872,0.2348982020020485
Sum out discretes,3,25,-231.14118677214145,0.3418592690080404
Sum out discretes,4,33,-230.42080891092974,0.44484132300317286
Sum out discretes,5,41,-230.52983448996451,0.5529534290134906
Sum out discretes,6,50,-230.392796314124,0.6576344830095768
Sum out discretes,7,57,-230.18547225770575,0.7574367900043726
Sum out discretes,8,65,-229.9002633012673,0.861381040006876
Sum out discretes,9,72,-229.54268504425235,0.9627595350146294
Sum out discretes,10,80,-228.78884330917754,1.0637930910140276
Sum out discretes,11,87,-227.56729705742745,1.1723955350071191
Sum out discretes,12,95,-225.24584883197036,1.2777524350136518
Sum out discretes,13,102,-221.40615304578168,1.3882255430072545
Sum out discretes,14,110,-214.6204915500464,1.4896364880055188
Sum out discretes,15,116,-207.45056855048216,1.5899996730089188
Sum out discretes,16,121,-200.04989664830555,1.7347241730093956
Sum out discretes,17,130,-184.3452096670873,1.845029091000557
Sum out discretes,18,137,-174.10987275809057,1.948196225002408
Sum out discretes,19,145,-170.80419462737837,2.047558733001351
Sum out discretes,20,153,-171.23263673524409,2.1576164380013942
Sum out discretes,21,162,-170.18116137552164,2.282024965003133
Sum out discretes,22,170,-169.55297542797007,2.3838505420088767
Sum out discretes,23,177,-169.36375533808328,2.4840371910035612
Sum out discretes,24,185,-169.09592492453234,2.583982738003135
Sum out discretes,25,193,-168.82546873417292,2.6904587570130825
Sum out discretes,0,0,-829.6851678800205,0.028086879998445512
Sum out discretes,1,8,-310.73708089508466,0.13146267600357534
Sum out discretes,2,15,-242.89600403033504,0.23507155200839042
Sum out discretes,3,23,-231.6698587285943,0.33634494100511075
Sum out discretes,4,31,-230.8307867938908,0.446251754000783
Sum out discretes,5,39,-230.16686800162435,0.5586221020072698
Sum out discretes,6,48,-227.99348808961267,0.6635534200072288
Sum out discretes,7,56,-225.24091649190328,0.7745585280060768
Sum out discretes,8,65,-222.0008564477421,0.8891015589982271
Sum out discretes,9,73,-219.2739472244744,0.999399767011404
Sum out discretes,10,78,-217.5858066225791,1.117113825008273
Sum out discretes,11,87,-214.35605764113666,1.2266474800109863
Sum out discretes,12,94,-211.5138132796356,1.328397537007928
Sum out discretes,13,102,-207.83555236677878,1.4330045090019703
Sum out discretes,14,109,-204.4127701405629,1.5458527040034533
Sum out discretes,15,117,-200.65831889027223,1.6474630820006133
Sum out discretes,16,124,-197.89090590757672,1.749901701003313
Sum out discretes,17,132,-195.76513566201638,1.8504611690044404
Sum out discretes,18,140,-194.84401353103482,1.9613215769976378
Sum out discretes,19,148,-194.62988929621085,2.0607473990023135
Sum out discretes,20,156,-194.56893741285108,2.1691707720011473
Sum out discretes,21,165,-194.45963509556205,2.2901229580044746
Sum out discretes,22,171,-194.3815139393866,2.4026076119989157
Sum out discretes,23,178,-194.3039496280386,2.516384071007371
Sum out discretes,24,186,-194.23119955960365,2.616442340001464
Sum out discretes,25,193,-194.17569891258253,2.721897504001856
Sum out discretes,0,0,-870.214246834224,0.013530945003032684
Sum out discretes,1,8,-334.1075546888342,0.11337477000057697
Sum out discretes,2,17,-248.42226068504226,0.22977080300450325
Sum out discretes,3,25,-237.18189772353878,0.3294964330047369
Sum out discretes,4,32,-235.66283142504278,0.44952804800868035
Sum out discretes,5,37,-234.8546865962873,0.5490671060085297
Sum out discretes,6,45,-233.53755896640436,0.663142220005393
Sum out discretes,7,53,-231.56146139329647,0.7681699550002813
Sum out discretes,8,61,-229.35348676291773,0.8787599299997091
Sum out discretes,9,69,-227.17307690577505,0.982642900004983
Sum out discretes,10,76,-225.38957969971062,1.083298859000206
Sum out discretes,11,84,-223.3127787318784,1.1831311739981174
Sum out discretes,12,91,-221.24695728860672,1.2832236340045928
Sum out discretes,13,100,-217.95213407673393,1.390954672008753
Sum out discretes,14,108,-214.2096604439631,1.494768399000168
Sum out discretes,15,116,-209.5563578204295,1.6117013740092516
Sum out discretes,16,123,-204.7403761190275,1.7118532680124043
Sum out discretes,17,129,-200.2241012918507,1.8239210840016604
Sum out discretes,18,136,-194.6818932775048,1.9410572089999913
Sum out discretes,19,145,-187.37129542198588,2.0503713909983636
Sum out discretes,20,152,-183.18828533724283,2.1575153190046548
Sum out discretes,21,160,-181.1630501201338,2.2602954860031605
Sum out discretes,22,168,-181.06271701708553,2.371486441001296
Sum out discretes,23,176,-181.04962840626993,2.478929483011365
Sum out discretes,24,185,-180.76640297265845,2.5853266820013525
Sum out discretes,25,193,-180.60124544099918,2.6963549720048903
Sum out discretes,0,0,-694.9422993055407,0.03061089000105858
Sum out discretes,1,8,-317.8178822272381,0.1458334340006113
Sum out discretes,2,16,-257.7213461107282,0.2473906420022249
Sum out discretes,3,23,-247.72421213525763,0.3542214139997959
Sum out discretes,4,32,-244.2078714929223,0.4608392409980297
Sum out discretes,5,39,-242.99504681775562,0.5630934199988842
Sum out discretes,6,48,-242.02512393088864,0.671946695998311
Sum out discretes,7,56,-241.50595194844928,0.7801955920010805
Sum out discretes,8,64,-241.20659205150548,0.8909004680067301
Sum out discretes,9,70,-241.07240900102616,0.9924170280098915
Sum out discretes,10,76,-240.98226598256835,1.0987949430048465
Sum out discretes,11,84,-240.89723649750013,1.2106376399993897
Sum out discretes,12,92,-240.8294607929046,1.3145470270067454
Sum out discretes,13,99,-240.77467520605282,1.4159245859980583
Sum out discretes,14,107,-240.71187136839205,1.5251349100023508
Sum out discretes,15,114,-240.65438708608053,1.628161407008767
Sum out discretes,16,123,-240.57577202147243,1.7381709389984608
Sum out discretes,17,131,-240.50202758415784,1.8479878790080548
Sum out discretes,18,140,-240.41660047489347,1.9645233900099992
Sum out discretes,19,148,-240.3402094740886,2.0653778080046177
Sum out discretes,20,155,-240.27392354082704,2.169187736004591
Sum out discretes,21,161,-240.21767857859325,2.2762801790088414
Sum out discretes,22,167,-240.16161437734164,2.377220668002963
Sum out discretes,23,174,-240.09515166671713,2.4815590020120144
Sum out discretes,24,182,-240.0139301118927,2.5832175460010767
Sum out discretes,25,189,-239.93137681697095,2.6863818210065364
Sum out discretes,26,197,-239.8070146336304,2.7873913830071686
Sum out discretes,0,0,-722.7768995476317,0.026950456008315086
Sum out discretes,1,8,-305.02779009741437,0.14065201200544833
Sum out discretes,2,17,-242.3317789316136,0.2488324840068817
Sum out discretes,3,24,-235.7167370973583,0.35306103199720384
Sum out discretes,4,30,-234.47152837134348,0.4602565879970789
Sum out discretes,5,37,-233.73475250072428,0.5738481820076704
Sum out discretes,6,45,-230.9747703128829,0.6808140410035849
Sum out discretes,7,52,-228.76662849943844,0.7854000550061464
Sum out discretes,8,60,-227.6455853831376,0.8894245029985904
Sum out discretes,9,67,-226.84647567162926,0.9907211050093174
Sum out discretes,10,75,-225.69068709322391,1.0918878780007362
Sum out discretes,11,83,-224.23369832318605,1.2015508760064841
Sum out discretes,12,91,-222.32691660939176,1.3060335099995137
Sum out discretes,13,98,-219.98374919174435,1.4054729350060224
Sum out discretes,14,106,-216.00532287627271,1.5157538000047206
Sum out discretes,15,113,-210.99610622916387,1.615948932006955
Sum out discretes,16,120,-204.51676715559034,1.7202454500049353
Sum out discretes,17,126,-198.48343228428683,1.856231646001339
Sum out discretes,18,134,-192.68594977124548,1.9617681640088558
Sum out discretes,19,142,-191.28719154778142,2.0782910789996385
Sum out discretes,20,150,-191.57994160115499,2.1793324570059776
Sum out discretes,21,157,-191.4196173196378,2.2811949560046196
Sum out discretes,22,165,-191.1098674643575,2.3855354610085486
Sum out discretes,23,172,-191.01653244060427,2.488331429004669
Sum out discretes,24,181,-190.97533011773703,2.597030496999621
Sum out discretes,25,188,-190.93068856552506,2.7006964119970798
Sum out discretes,26,197,-190.87877722609332,2.8189956950098276
Sum out discretes,0,0,-802.4903671022083,0.027079868987202646
Sum out discretes,1,8,-303.04540979953356,0.13860051099956036
Sum out discretes,2,16,-232.87031113278852,0.24446028499305247
Sum out discretes,3,23,-226.204040191286,0.34971508298814297
Sum out discretes,4,31,-226.16114201111597,0.4510614669919014
Sum out discretes,5,38,-225.9053751888476,0.5533124029934406
Sum out discretes,6,47,-224.18221887381907,0.6611989749968052
Sum out discretes,7,54,-222.18254983120977,0.7627879969924688
Sum out discretes,8,62,-219.6729157856866,0.8752795729935169
Sum out discretes,9,67,-218.0748044214408,0.9916288279891015
Sum out discretes,10,76,-215.12844481994318,1.1004656999856233
Sum out discretes,11,83,-212.76981818591912,1.2080287699997425
Sum out discretes,12,91,-210.05269463053673,1.308615687996149
Sum out discretes,13,98,-207.63866920983742,1.4141543399989605
Sum out discretes,14,106,-204.79731634361656,1.520402390986681
Sum out discretes,15,113,-202.29683832008192,1.6200966289937495
Sum out discretes,16,122,-199.31175876184167,1.7289586359858513
Sum out discretes,17,130,-197.1742940436919,1.838090120986104
Sum out discretes,18,138,-195.67737587316495,1.9489896279871464
Sum out discretes,19,147,-194.6729538362703,2.053943587988615
Sum out discretes,20,154,-194.22333294513388,2.170064718991518
Sum out discretes,21,160,-193.97046548495535,2.3022412779927253
Sum out discretes,22,168,-193.74072878017265,2.403786635994911
Sum out discretes,23,176,-193.58407916699818,2.512520089998841
Sum out discretes,24,184,-193.47622391947544,2.6172060319930317
Sum out discretes,25,192,-193.39925544639715,2.731404730990529
Sum out discretes,0,0,-695.4080109900464,0.028102480992674827
Sum out discretes,1,9,-284.9641431999109,0.14253321400284766
Sum out discretes,2,17,-239.8458600171972,0.24341278499364852
Sum out discretes,3,23,-236.22538410495764,0.35340482099354265
Sum out discretes,4,30,-236.23817479095987,0.4762991419881582
Sum out discretes,5,38,-235.73217735815186,0.5794226209968328
Sum out discretes,6,45,-233.736996681119,0.680409515991807
Sum out discretes,7,53,-230.15185540509688,0.7811654939949513
Sum out discretes,8,61,-225.90834389380078,0.8917401469945908
Sum out discretes,9,69,-221.40530629743694,0.9927823819965124
Sum out discretes,10,77,-216.7959606758828,1.1026091769933701
Sum out discretes,11,86,-211.58593079231315,1.218714096993208
Sum out discretes,12,95,-206.20559193439766,1.323988841995597
Sum out discretes,13,102,-202.18049320734974,1.4296091239899398
Sum out discretes,14,110,-198.5542065000297,1.5341818279922008
Sum out discretes,15,116,-197.01542412572718,1.6490090309977532
Sum out discretes,16,122,-196.45038106459626,1.7537904990017414
Sum out discretes,17,130,-196.37904357180352,1.8661110329926014
Sum out discretes,18,138,-196.33113924340367,1.9695053139925003
Sum out discretes,19,146,-196.19800957238087,2.076680944994092
Sum out discretes,20,155,-196.0792950469888,2.1868527749925852
Sum out discretes,21,163,-196.01673363491147,2.294296853989363
Sum out discretes,22,171,-195.9687355309605,2.404423404991627
Sum out discretes,23,180,-195.92127329828276,2.5142505690008403
Sum out discretes,24,188,-195.8846419551355,2.6229723909944296
Sum out discretes,25,196,-195.85268567898862,2.726395288988948
Sum out discretes,0,0,-780.9353615875598,0.02782846499979496
Sum out discretes,1,8,-328.3402222504214,0.13610296300053595
Sum out discretes,2,16,-256.57951780878346,0.2547455240041018
Sum out discretes,3,24,-243.3180147018355,0.355444963991642
Sum out discretes,4,32,-240.2925276495233,0.4601037309914827
Sum out discretes,5,41,-239.05615561891352,0.574004544004798
Sum out discretes,6,49,-238.33804772454457,0.6831321209967136
Sum out discretes,7,57,-237.79233925418617,0.794771066993475
Sum out discretes,8,63,-237.4829205828388,0.9005823739916086
Sum out discretes,9,70,-237.2080244251515,1.0105081080049276
Sum out discretes,10,77,-236.99632587806406,1.1104824329912661
Sum out discretes,11,86,-236.77725769229258,1.233593136996031
Sum out discretes,12,94,-236.61251475359776,1.3337436019927262
Sum out discretes,13,101,-236.4866785576436,1.444956067994237
Sum out discretes,14,109,-236.36286158881842,1.5477512570023537
Sum out discretes,15,117,-236.2589116642249,1.6553393449932337
Sum out discretes,16,126,-236.16198972779804,1.7735923780053855
Sum out discretes,17,135,-236.08134851669786,1.8824533949941398
Sum out discretes,18,143,-236.01957923825003,1.9868921969980002
Sum out discretes,19,151,-235.9643996069013,2.0989681590050457
Sum out discretes,20,157,-235.92608703366562,2.220898660004139
Sum out discretes,21,164,-235.8836912648223,2.3349994309991597
Sum out discretes,22,173,-235.83151735307916,2.44282551600039
Sum out discretes,23,180,-235.79195212447354,2.5546234010010958
Sum out discretes,24,189,-235.74159489919205,2.677994721993804
Sum out discretes,25,197,-235.6968326697358,2.778538187995553
Sum out discretes,0,0,-811.3136149708743,0.02682185301184654
Sum out discretes,1,8,-322.50791230665976,0.13286450099945069
Sum out discretes,2,16,-247.9250242640516,0.24166452001035213
Sum out discretes,3,21,-238.75110309029336,0.35912975201010705
Sum out discretes,4,30,-235.8447031221859,0.47212118101119993
Sum out discretes,5,37,-235.18594000242567,0.5763443860113621
Sum out discretes,6,45,-233.88538342885397,0.681203339010477
Sum out discretes,7,52,-232.17504839720124,0.7857885480076074
Sum out discretes,8,60,-230.05520069551736,0.8859715519994498
Sum out discretes,9,67,-228.3076851002162,0.9869433120042086
Sum out discretes,10,75,-226.36087820714752,1.0876983710080386
Sum out discretes,11,83,-224.2935172060246,1.1958811520040036
Sum out discretes,12,91,-221.8033945599714,1.2969012280106544
Sum out discretes,13,99,-218.46633125772095,1.4045317360013723
Sum out discretes,14,107,-214.0461818330061,1.5140655710101127
Sum out discretes,15,113,-209.98826192915507,1.630334751009941
Sum out discretes,16,119,-205.39832105556687,1.7377553850114345
Sum out discretes,17,127,-199.0020616145162,1.8480136540085077
Sum out discretes,18,135,-193.64232244504169,1.953743473008275
Sum out discretes,19,142,-191.10427902086357,2.055898515999317
Sum out discretes,20,151,-190.53404582397278,2.167727601006627
Sum out discretes,21,158,-190.61033021232984,2.2711535670012237
Sum out discretes,22,166,-190.43908217208863,2.3757538460046055
Sum out discretes,23,173,-190.24116396520557,2.4772014909982683
Sum out discretes,24,182,-190.09639321368059,2.595403072997928
Sum out discretes,25,191,-189.9967118916145,2.7027247610092164
Sum out discretes,26,198,-189.9147142835203,2.8120649590045215
Sum out discretes,0,0,-852.7268524958,0.027102389007806777
Sum out discretes,1,8,-329.7499484595862,0.13878620199859143
Sum out discretes,2,16,-249.94356060154462,0.24044987700879575
Sum out discretes,3,23,-237.41263833811774,0.34035305900871754
Sum out discretes,4,32,-235.48739102727,0.44641848400235173
Sum out discretes,5,40,-233.95887121976747,0.5566461860090495
Sum out discretes,6,49,-231.61080863450388,0.6756232870072126
Sum out discretes,7,57,-228.87453863999576,0.7755130020081997
Sum out discretes,8,63,-226.96258536468486,0.8840933510065079
Sum out discretes,9,68,-225.54981447331159,0.9892995090037584
Sum out discretes,10,76,-223.6095997967749,1.1011361629962921
Sum out discretes,11,84,-221.7243842097081,1.2034134840071202
Sum out discretes,12,91,-219.8724315887672,1.3122800040096045
Sum out discretes,13,99,-217.2407081790226,1.4123669970035553
Sum out discretes,14,106,-214.28344066868826,1.524260812997818
Sum out discretes,15,115,-209.07811668218395,1.6328782490044833
Sum out discretes,16,123,-202.59967943080446,1.740117684006691
Sum out discretes,17,131,-194.5397485632319,1.8512482730001212
Sum out discretes,18,140,-185.96651366601017,1.9597028430104255
Sum out discretes,19,148,-182.06745327279808,2.0693452700078487
Sum out discretes,20,155,-181.66447123476567,2.18248408600688
Sum out discretes,21,160,-181.81780450386282,2.293555116996169
Sum out discretes,22,168,-181.55344977265162,2.3938323110044
Sum out discretes,23,176,-181.14583365524987,2.506293730005622
Sum out discretes,24,184,-180.9666350457169,2.607911151006818
Sum out discretes,25,191,-180.8449086355832,2.7084955530017614
Sum out discretes,26,199,-180.6783641207209,2.8185985430032017
